"id","name","phone","email","logo","latitude","longitude","address","footer_text","minimum_order","comission","schedule_order","status","vendor_id","created_at","updated_at","free_delivery","rating","cover_photo","delivery","take_away","item_section","tax","zone_id","reviews_section","active","off_day","gst","self_delivery_system","pos_system","minimum_shipping_charge","delivery_time","veg","non_veg","order_count","total_order","module_id","order_place_to_schedule_interval","featured","per_km_shipping_charge","prescription_order","slug","maximum_shipping_charge","cutlery","meta_title","meta_description","meta_image","announcement","announcement_message","store_business_model","package_id","pickup_zone_id","comment","tin","tin_expire_date","tin_certificate_image"
"1","Grocery Store","+101511111111","grocery@gmail.com","2024-07-11-668faf10218c8.png","23.81695886557418","90.36934144046135","House, road",NULL,"0.00",NULL,"0","1","1","2023-08-15 23:45:01","2026-01-05 17:30:24","0",NULL,"2024-07-11-668faf1021eba.png","1","1","1","5.00","1","1","1"," ",NULL,"0","0","0.00","30-40 min","1","1","2","6","1","0","1","0.000","0","demo-store",NULL,"0",NULL,NULL,NULL,"0",NULL,"commission",NULL,NULL,NULL,NULL,NULL,NULL
"4","Vegetable Mart","+919898989878","Vegetable@gmail.com","2024-07-11-668fe93783621.png","30.12965394051046","76.18802612600452","Vegetable Mart",NULL,"0.00",NULL,"0","1","4","2024-07-11 19:46:23","2026-01-05 17:30:24","0",NULL,"2024-07-11-668fe93783d07.png","1","1","1","12.00","3","1","1"," ",NULL,"0","0","0.00","23-25 min","1","1","0","1","1","0","1","0.000","0","vegetable-mart",NULL,"0",NULL,NULL,NULL,"0",NULL,"commission",NULL,NULL,NULL,NULL,NULL,NULL
"5","Medi Care","8789890989","medicare@gmail.com","2024-10-11-67082d52a7498.png","28.380338986926606","77.40591213931837","Medi Care Address",NULL,"0.00",NULL,"0","1","5","2024-10-11 01:08:58","2026-01-05 17:30:24","0",NULL,"2024-10-11-67082d52a7e82.png","1","1","1","10.00","1","1","1"," ",NULL,"0","0","0.00","30-40 min","1","1","0","0","3","0","1","0.000","0","medi-care",NULL,"0",NULL,NULL,NULL,"0",NULL,"commission",NULL,NULL,NULL,NULL,NULL,NULL
"6","Alpha Medicine Store","9898786790","alpha@gmail.com","2024-10-11-67082ddd4500d.png","19.915772511822983","78.84574670402475","Alpha Medicine Store Address",NULL,"0.00",NULL,"0","1","6","2024-10-11 01:11:17","2026-01-05 17:30:24","0",NULL,"2024-10-11-67082ddd458c9.png","1","1","1","10.00","1","1","1"," ",NULL,"0","0","0.00","40-50 min","1","1","0","0","3","0","0","0.000","0","alpha-medicine-store",NULL,"0",NULL,NULL,NULL,"0",NULL,"commission",NULL,NULL,NULL,NULL,NULL,NULL
"7","Shoes Fashion","+918978987867","shoestore@gmail.com","2024-10-11-6708326265e12.png","25.387736795745298","77.2679277355094","Shoes Fashion Address",NULL,"0.00",NULL,"0","1","7","2024-10-11 01:30:34","2026-01-05 17:30:24","0",NULL,"2024-10-11-6708326266902.png","1","1","1","12.00","1","1","1"," ",NULL,"0","0","0.00","40-50 min","1","1","0","0","4","0","1","0.000","0","shoes-fashion",NULL,"0",NULL,NULL,NULL,"0",NULL,"commission",NULL,NULL,NULL,NULL,NULL,NULL
"8","Fashion Store","+918989898976","fashion@gmail.com","2024-10-11-670832e516c18.png","30.0683574","75.9861009","House: 00, Road: 00, City-000, Country",NULL,"0.00",NULL,"0","1","8","2024-10-11 01:32:45","2026-01-09 12:19:20","0",NULL,"2024-10-11-670832e51762d.png","1","1","1","9.98","5","1","1"," ",NULL,"0","0","0.00","50-60 min","1","1","0","0","4","0","1","0.000","0","fashion-store",NULL,"0",NULL,NULL,NULL,"0",NULL,"commission",NULL,NULL,NULL,"112222","2030-10-22",NULL
"12","5 Tara Food Point","+919056107109","5tarafoodpoint@gmail.com","2025-06-05-6841bd6c95dd3.png","30.019122146371778","76.10410514320743","Main Bazar Ghagga",NULL,"1.00","10.00","0","1","12","2025-05-26 22:41:08","2026-05-16 19:59:24","0","{""1"":4,""2"":1,""3"":2,""4"":6,""5"":56}","2025-11-04-6909efd2eccda.png","1","0","1","0.00","4","1","1"," ","{""status"":null,""code"":null}","0","1","0.00","25-30 min","1","1","553","711","2",NULL,"1","0.000","0","5-tara-food-point",NULL,"0",NULL,NULL,NULL,"0",NULL,"commission",NULL,"[]",NULL,"12345","2025-10-31",NULL
"13","Pizza Blast","+919501410727","blastpizza38@gmail.com","2025-05-31-683adc7ad6e26.png","30.07481776537046","75.9958307415624","Mata sodha markit Dirba",NULL,"70.00","15.00","0","1","13","2025-05-31 16:09:54","2026-01-05 17:30:24","0",NULL,"2025-12-23-694a5c026a366.png","1","1","1","0.00","5","1","1"," ",NULL,"0","0","0.00","25-35 min","1","0","11","15","2",NULL,"0","0.000","0","pizza-blast",NULL,"0",NULL,NULL,NULL,"0",NULL,"commission",NULL,"[]",NULL,"12345","2025-10-13",NULL
"14","Pizza 13 Food Court","+917997701313","Navithind833@gmail.com","2025-06-07-68440a0a3fbec.png","29.949425366249507","76.05277580934283","Garg Plaza",NULL,"50.00","21.74","0","1","14","2025-06-02 15:13:06","2026-05-18 19:18:00","0","{""1"":12,""2"":6,""3"":8,""4"":24,""5"":45}","2025-10-10-68e8b64fcdda1.png","1","0","1","0.00","2","1","1"," ","{""status"":""0"",""code"":null}","0","0","0.00","35-40 min","1","0","1266","1408","2","0","1","0.000","0","pizza-13-food-count","0.000","1",NULL,NULL,NULL,"0",NULL,"commission",NULL,"[]",NULL,"12345","2025-10-31",NULL
"15","Busyday Fast Food","+919872958717","Jsvpatran@gmail.com","2025-06-05-68417291c6f91.png","29.9493375","76.052264","Garg Plaza",NULL,"50.00","15.00","0","1","15","2025-06-03 11:11:15","2026-05-19 15:16:36","0","{""1"":5,""2"":1,""3"":2,""4"":5,""5"":40}","2025-10-11-68e9d7cfb349d.png","1","0","1","0.00","2","1","1"," ",NULL,"0","0","0.00","20-25 min","1","0","1058","1182","2",NULL,"1","0.000","0","busyday-fast-food",NULL,"0",NULL,NULL,NULL,"0",NULL,"commission",NULL,"[]",NULL,"12345","2025-10-31",NULL
"16","Cali Hawkers","+919888085996","gurpreet.jammu6@hotmail.com","2025-06-03-683eabe79fe9b.png","29.953194048944493","76.05413288215811","Narwana Road",NULL,"50.00","10.00","0","1","16","2025-06-03 13:31:43","2026-05-19 15:35:17","0","{""1"":11,""2"":3,""3"":6,""4"":7,""5"":39}","2025-10-11-68e9bf478d207.png","1","0","1","0.00","2","1","1"," ",NULL,"0","0","0.00","35-40 min","1","1","1091","1217","2",NULL,"1","0.000","0","cali-hawkers",NULL,"0",NULL,NULL,NULL,"0",NULL,"commission",NULL,"[]",NULL,"12345","2025-10-31",NULL
"17","The Posh Cafe","8528585513","vs928899@gmail.com","2025-06-07-68439466a0d9b.png","29.952043531907144","76.04910975000014","Goyal Wali Gali",NULL,"50.00","10.00","0","1","17","2025-06-07 06:49:16","2026-05-19 17:44:03","0","{""1"":7,""2"":2,""3"":3,""4"":7,""5"":50}","2025-10-10-68e8dbdb52d7c.png","1","0","1","0.00","2","1","1"," ","{""status"":""0"",""code"":null}","0","0","0.00","35-40 min","1","0","819","930","2",NULL,"1","0.000","0","the-posh-cafe","0.000","0","The posh Cafe","Fuel your cravings, one bite at a time!"" 😋",NULL,"0",NULL,"commission",NULL,"[]",NULL,"12345","2025-10-10",NULL
"18","Ashwani Bakers Restaurant","+919149207086","ashwanibaker1@gmail.com","2025-06-10-68485151376dd.png","29.951638515130302","76.05307555963482","Jakhal Road",NULL,"50.00","21.74","0","1","18","2025-06-10 21:07:53","2026-05-19 16:19:56","0","{""1"":5,""2"":4,""3"":10,""4"":8,""5"":24}","2026-01-10-6962259b26c6e.png","1","0","1","0.00","2","1","1"," ","{""status"":null,""code"":null}","0","0","0.00","35-40 min","1","0","684","773","2",NULL,"1","0.000","0","ashwani-bakers-restaurant",NULL,"0",NULL,NULL,NULL,"0",NULL,"commission",NULL,"[]",NULL,"12345","2028-12-12","2026-01-10-696216116a85f.png"
"19","Waffle & Subway House 🍔","+919530968938","Navpreetsingh578@gmail.com","2025-06-10-684856e9d2444.png","29.953217118879206","76.05410998977565","Sharma Market",NULL,"50.00","10.00","0","1","19","2025-06-10 21:31:45","2026-05-18 21:16:21","0","{""1"":11,""2"":5,""3"":11,""4"":13,""5"":86}","2025-10-10-68e8b338e23b5.png","1","0","1","0.00","2","1","0"," ",NULL,"0","0","0.00","35-40 min","1","0","1805","1976","2",NULL,"1","0.000","0","waffle-subway-house",NULL,"0",NULL,NULL,NULL,"0",NULL,"commission",NULL,"[]",NULL,"RedGo 786","2025-10-31","2025-10-06-68e38358c204c.png"
"20","Alley's Cafe","+916283494847","sd3902395@gmail.com","2025-06-12-684a8f999d504.png","29.94445007014559","76.06128928853948","Keshav Market",NULL,"50.00","10.00","0","1","20","2025-06-10 21:41:18","2026-05-19 15:18:59","0","{""1"":6,""2"":3,""3"":2,""4"":4,""5"":19}","2025-10-11-68e9c6b068232.png","1","0","1","0.00","2","1","1"," ","{""status"":""0"",""code"":null}","0","0","0.00","35-40 min","1","0","339","410","2","0","1","0.000","0","alleys-cafe","0.000","0",NULL,NULL,NULL,"0",NULL,"commission",NULL,"[]",NULL,"12345","2025-10-31",NULL
"21","Eat & Chill Cafe","+919915289198","veerdevinder123@gmail.com","2025-06-12-684abb4d76b76.png","29.958800874272917","76.05390178738939","Near Taxi Stand",NULL,"50.00","21.50","0","1","21","2025-06-12 17:04:37","2026-05-19 10:27:01","0","{""1"":1,""2"":0,""3"":0,""4"":0,""5"":3}","2025-10-11-68e9de1748863.png","1","0","1","0.00","2","1","1"," ",NULL,"0","0","0.00","35-40 min","1","0","38","48","2",NULL,"1","0.000","0","eat-chill-cafe",NULL,"0",NULL,NULL,NULL,"0",NULL,"commission",NULL,"[]",NULL,"12345","2025-10-30",NULL
"22","Chilli Chatkara","+919041049903","kumarjatindergarg@gmail.com","2025-06-13-684bcaceef30b.png","29.95208867005858","76.05306623067094","Goyal Wali Gali",NULL,"50.00","0.00","0","1","22","2025-06-13 12:23:03","2026-05-19 14:44:13","0","{""1"":34,""2"":11,""3"":18,""4"":18,""5"":89}","2025-10-10-68e8b43ae6d61.png","1","0","1","0.00","2","1","1"," ",NULL,"0","0","0.00","35-40 min","1","0","1649","1751","2",NULL,"1","0.000","0","chilli-chatkara",NULL,"0",NULL,NULL,NULL,"0",NULL,"commission",NULL,"[]",NULL,"12345","2025-10-31",NULL
"23","Chai Sutta Bar","9700023808","Chaisuttabarpatran@gmail.com","2025-06-13-684c27806abf8.png","29.953094160679218","76.05427742156392","Narwana Road",NULL,"0.00","10.00","0","1","23","2025-06-13 18:58:32","2026-05-18 15:07:45","0","{""1"":1,""2"":0,""3"":3,""4"":5,""5"":10}","2025-10-11-68e9cb3c98355.png","1","0","1","0.00","2","1","1"," ",NULL,"0","0","0.00","35-40 min","1","0","261","298","2",NULL,"1","0.000","0","chai-sutta-bar",NULL,"0",NULL,NULL,NULL,"0",NULL,"commission",NULL,"[]",NULL,"12345","2025-10-31",NULL
"26","Chill Out Restaurant Corner","+917087818210","Tarandhami60@gmail.com","2025-06-23-6858b2a67596e.png","29.94314402266004","76.06453389617849","New Bus Stand",NULL,"50.00","23.01","0","1","26","2025-06-23 06:43:06","2026-05-18 20:17:01","0","{""1"":3,""2"":0,""3"":1,""4"":0,""5"":2}","2025-10-11-68e9ce83eee16.png","1","0","1","0.00","2","1","1"," ",NULL,"0","0","0.00","35-40 min","1","1","166","206","2",NULL,"1","0.000","0","chill-out-chicken-corner",NULL,"0",NULL,NULL,NULL,"0",NULL,"commission",NULL,"[]",NULL,"12345","2025-10-31",NULL
"27","Bella Ciao Cafe & Restaurant","+917889259820","Officialgarg3438@gmail.com","2025-06-24-685a3afbbe7e3.png","29.94407370902227","76.0630801693423","New Bus Stand",NULL,"30.00","23.00","0","1","27","2025-06-24 11:13:23","2026-05-18 20:39:43","0","{""1"":2,""2"":1,""3"":3,""4"":1,""5"":7}","2025-10-11-68e9dccf150b4.png","1","1","1","0.00","2","1","1"," ","{""status"":null,""code"":null}","0","0","0.00","35-40 min","1","0","95","125","2",NULL,"1","0.000","0","bella-ciao-cafe-restaurant","0.000","1",NULL,NULL,NULL,"0",NULL,"commission",NULL,NULL,NULL,"123","2025-10-31",NULL
"28","Sardar Ji Amritsar Kulcha & Cafe","+919779799154","sjorasingh001@gmail.com","2025-06-28-685fe4f6db456.png","29.95961787043663","76.05450952681154","krishna Market",NULL,"50.00","10.00","0","1","28","2025-06-28 18:03:53","2026-05-19 16:26:13","0","{""1"":5,""2"":2,""3"":2,""4"":8,""5"":35}","2026-02-21-69994b3e9fe10.png","1","0","1","0.00","2","1","1"," ",NULL,"0","0","0.00","35-40 min","1","0","650","786","2",NULL,"1","0.000","0","sardar-ji-amritsar-kulcha",NULL,"0",NULL,NULL,NULL,"0",NULL,"commission",NULL,"[]",NULL,"12345","2025-10-31",NULL
"30","Khalsa Chaap","+917814596736","Cheemaravinder36@gmail.com","2025-07-01-6863ec1e8425f.png","29.951221314124243","76.0530408897085","Ghada Stand",NULL,"50.00","15.00","0","1","30","2025-07-01 19:39:34","2026-05-19 17:16:27","0","{""1"":13,""2"":3,""3"":4,""4"":5,""5"":22}","2025-10-11-68e9c0c7e3b49.png","1","0","1","0.00","2","1","1"," ",NULL,"0","0","0.00","25-30 min","1","0","786","867","2",NULL,"1","0.000","0","khalsa-chaap",NULL,"0",NULL,NULL,NULL,"0",NULL,"commission",NULL,"[]",NULL,"12345","2025-10-31",NULL
"32","Melvon Cafe","+916283916938","hd0829868@gmail.com","2025-07-02-686506088d5d8.png","29.953711529315328","76.0536114897583","Sharma Market",NULL,"50.00","22.00","0","1","32","2025-07-02 15:42:24","2026-05-19 17:09:17","0","{""1"":7,""2"":1,""3"":4,""4"":1,""5"":16}","2025-10-11-68e9c8f69c7a6.png","1","0","1","0.00","2","1","1"," ",NULL,"0","0","0.00","35-40 min","1","0","402","486","2",NULL,"1","0.000","0","melvon-cafe",NULL,"0",NULL,NULL,NULL,"0",NULL,"commission",NULL,"[]",NULL,"12345","2025-10-31",NULL
"33","Kaler Food Point","+917973946232","lovelykaler99@gmail.com","2025-07-05-6868c9fbdf10a.png","29.94470655048104","76.06234056833343","Keshav Market",NULL,"50.00","18.10","0","1","33","2025-07-04 18:36:44","2026-05-19 14:46:40","0","{""1"":1,""2"":2,""3"":1,""4"":3,""5"":24}","2025-10-11-68e9dba21433e.png","1","0","1","0.00","2","1","1"," ",NULL,"0","0","0.00","15-30 min","1","0","335","396","2",NULL,"1","0.000","0","kaler-food-point",NULL,"0",NULL,NULL,NULL,"0",NULL,"commission",NULL,"[]",NULL,"12345","2025-10-31",NULL
"35","MOM'S KITCHEN","+916280932378","ritikasingla47@gmail.com","2025-07-06-68696f77ec605.png","29.95250428557142","76.05093598365784","Hayer Villa, Laxmi Naryan Gali ,WARD NO. 12, GOYAL STREET, Patran, Punjab 147105, India",NULL,"0.00",NULL,"0","0","35","2025-07-06 00:01:19","2026-01-05 17:30:24","0",NULL,"2025-07-06-68696f77ee29d.png","1","1","1","300.00","2","1","1"," ",NULL,"0","0","0.00","15-25 minute","1","1","0","0","2","0","0","0.000","0","moms-kitchen",NULL,"0",NULL,NULL,NULL,"0",NULL,"commission",NULL,"[]",NULL,NULL,NULL,NULL
"36","Fruit Fiesta","+917364047786","Mannugarg921@gmail.com","2025-07-06-686a2a78030cd.png","29.95044659410818","76.05280537455232","Ghada Stand",NULL,"50.00","25.00","0","1","36","2025-07-06 13:19:12","2026-05-12 16:54:28","0","{""1"":0,""2"":0,""3"":0,""4"":0,""5"":6}","2025-10-11-68e9cd9072c4a.png","1","1","1","0.00","2","1","1"," ","{""status"":""0"",""code"":null}","0","0","0.00","15-30 min","1","0","128","149","2","0","1","0.000","0","fruit-fiesta","0.000","0",NULL,NULL,NULL,"0",NULL,"commission",NULL,"[]",NULL,"12345","2025-10-31",NULL
"37","vijay Egg Store","+919501373807","amankhanna7748@gamil.com","2025-07-07-686bbf1912ec0.png","29.94910135124746","76.05281051248312","W3X3+J3V, Jakhal Rd, Patran, Punjab 147105, India",NULL,"0.00",NULL,"0","0","37","2025-07-07 18:05:37","2026-01-05 17:30:24","0",NULL,"2025-07-07-686bbf19161b2.png","1","1","1","5.00","2","1","1"," ",NULL,"0","0","0.00","10-15 minute","1","1","0","0","2","0","0","0.000","0","vijay-egg-store",NULL,"0",NULL,NULL,NULL,"0",NULL,"commission",NULL,"[]",NULL,NULL,NULL,NULL
"38","Mr. Rolls & Shakes","+917710600220","mr.rollsandshakes.patran@gmail.com","2025-07-09-686e1ad21455a.png","29.94428945571856","76.06159455898668","Keshav Market",NULL,"50.00","25.01","0","1","38","2025-07-09 13:01:30","2026-05-18 16:04:38","0","{""1"":8,""2"":1,""3"":1,""4"":5,""5"":14}","2025-10-11-68e9dafdc5a5e.png","1","1","1","0.00","2","1","1"," ",NULL,"0","0","0.00","35-40 min","1","1","523","600","2",NULL,"1","0.000","0","mr-rolls-shakes",NULL,"0",NULL,NULL,NULL,"0",NULL,"commission",NULL,"[]",NULL,"12345","2025-10-30",NULL
"39","Sagar Snacks Bar","+919814620133","gargshanker830@gmail.com","2025-07-11-6870d6c0ab7eb.png","29.943163765579087","76.0645906137514","New Bus Stand",NULL,"50.00","23.00","0","1","39","2025-07-10 15:34:09","2026-05-17 20:33:49","0","{""1"":3,""2"":0,""3"":1,""4"":0,""5"":1}","2025-10-11-68e9d2cfcae18.png","1","1","1","0.00","2","1","1"," ",NULL,"0","0","0.00","35-40 min","1","1","82","114","2",NULL,"1","0.000","0","sagar-snacks-bar",NULL,"0",NULL,NULL,NULL,"0",NULL,"commission",NULL,"[]",NULL,"12345","2025-10-30",NULL
"40","5911 Golgappa Junction","+917889271457","kalaram9815181590qwer@gmail.com","2025-07-12-6872045eda8e5.png","29.961386110044856","76.05587359517813","1361, Patran, Punjab 147105, India",NULL,"0.00",NULL,"0","0","40","2025-07-12 12:14:46","2026-01-05 17:30:24","0",NULL,"2025-07-12-6872045edded9.png","1","1","1","1234.00","2","1","1"," ",NULL,"0","0","0.00","5-10 minute","1","1","0","0","2","0","0","0.000","0","5911-golgappa-junction",NULL,"0",NULL,NULL,NULL,"0",NULL,"commission",NULL,"[]",NULL,NULL,NULL,NULL
"41","Gff Juice Bar","+918054982155","Pupindersaggu763@gmail.com","2025-07-29-6888b3066cd4f.png","29.955074856986112","76.05231026082569","Old Bus Stand",NULL,"50.00","23.00","0","1","41","2025-07-12 17:38:56","2026-05-16 14:47:45","0","{""1"":0,""2"":0,""3"":0,""4"":0,""5"":2}","2025-10-11-68e9d692d3e88.png","1","1","1","0.00","2","1","1"," ",NULL,"0","0","0.00","15-30 min","1","0","23","33","2",NULL,"1","0.000","0","gff-juice-bar",NULL,"0",NULL,NULL,NULL,"0",NULL,"commission",NULL,"[]",NULL,"12345","2025-10-30",NULL
"42","Sk Restaurant","+919807230000","thakurjeet458@gmail.com","2025-08-14-689dc50000add.png","30.027350217436553","76.11234344659654","Near Mandi Ghagga",NULL,"100.00","25.00","0","1","42","2025-07-13 16:35:12","2026-03-03 20:23:16","0","{""1"":1,""2"":0,""3"":3,""4"":4,""5"":17}","2025-11-04-6909f0849f1c4.png","1","0","1","0.00","4","1","1"," ","{""status"":""0"",""code"":null}","0","0","0.00","30-40 min","1","1","150","176","2","0","1","0.000","0","sk-restaurant","0.000","1",NULL,NULL,NULL,"0",NULL,"commission",NULL,"[]",NULL,"12345","2025-10-31",NULL
"46","Shama Chicken Dhaba","+919758131293","ishratali.patran@gmail.com","2025-08-18-68a345057f4df.png","29.950387965970155","76.05710114557066","Narwana Road Patran",NULL,"50.00","18.10","0","1","46","2025-07-18 14:46:31","2026-05-18 20:30:00","0","{""1"":10,""2"":1,""3"":3,""4"":2,""5"":20}","2025-10-11-68e9c80abf306.png","1","1","1","0.00","2","1","1"," ","{""status"":""0"",""code"":null}","0","0","0.00","33-40 min","1","1","539","633","2","0","1","0.000","0","shama-chicken-dhaba","0.000","1",NULL,NULL,NULL,"0",NULL,"commission",NULL,NULL,NULL,"12345","2025-10-31",NULL
"47","komalLove","+916283000162","komalpreetkaur9938@gmail.com","2025-07-21-687dfacf9843f.png","29.950790631903583","76.05759892612696","X324+5V2, Patran, Punjab 147105, India",NULL,"0.00",NULL,"0","0","47","2025-07-21 14:01:11","2026-01-05 17:30:24","0",NULL,"2025-07-21-687dfacf9b881.png","1","1","1","2.00","2","1","1"," ",NULL,"0","0","0.00","20-40 minute","1","1","0","0","2","0","0","0.000","0","komallove",NULL,"0",NULL,NULL,NULL,"0",NULL,"commission",NULL,"[]",NULL,NULL,NULL,NULL
"48","Reddu Dairy Sweets","+919877777752","manireddu98@gmail.com","2025-07-29-6888b462ce7ab.png","29.949821917579033","76.05291310033401","Jakhal Road",NULL,"50.00","13.60","0","1","48","2025-07-22 05:34:54","2026-05-06 19:23:50","0","{""1"":0,""2"":0,""3"":0,""4"":0,""5"":1}","2025-10-11-68e9d48449b05.png","1","1","1","0.00","2","1","1"," ",NULL,"0","0","0.00","15-30 min","1","0","29","57","2",NULL,"1","0.000","0","reddu-dairy-sweets",NULL,"0",NULL,NULL,NULL,"0",NULL,"commission",NULL,"[]",NULL,"12345","2025-10-30",NULL
"52","Urban Grill","+916280006191","charnjeetsinghchanni508@gmail.com","2025-07-22-687f9242738db.png","29.943698656053535","76.06441643089056","Narwana Road, Patran, Punjab 147105, India",NULL,"0.00",NULL,"0","0","52","2025-07-22 18:59:38","2026-01-05 17:30:24","0",NULL,"2025-07-22-687f9242771de.png","1","1","1","8000.00","2","1","1"," ",NULL,"0","0","0.00","10-20 minute","1","1","0","0","2","0","0","0.000","0","urban-grill",NULL,"0",NULL,NULL,NULL,"0",NULL,"commission",NULL,"[]",NULL,NULL,NULL,NULL
"54","Mr Sanders Island","+919563656000","mrsandersisland@gmail.com","2025-07-26-688474e8e1832.png","29.95279830000001","76.05462800000001","Narwana Road",NULL,"50.00","24.85","0","0","54","2025-07-26 11:55:44","2026-03-18 21:01:31","0","{""1"":3,""2"":0,""3"":5,""4"":3,""5"":28}","2025-10-11-68e9c20a3541f.png","1","1","1","0.00","2","1","0"," ",NULL,"0","0","0.00","15-30 min","1","0","407","457","2",NULL,"1","0.000","0","mr-sanders-island",NULL,"0",NULL,NULL,NULL,"0",NULL,"commission",NULL,"[]",NULL,"12345","2025-10-31",NULL
"55","Balaji Sweets","+916377700602","supyar.sun@gmail.com","2025-07-27-6885e62dd5215.png","29.95179430000001","76.05315720000002","Jakhal Road",NULL,"50.00","20.80","0","1","55","2025-07-27 14:11:17","2026-05-19 16:19:23","0","{""1"":6,""2"":0,""3"":1,""4"":2,""5"":13}","2025-10-11-68e9c9e896f02.png","1","1","1","0.00","2","1","1"," ",NULL,"0","0","0.00","15-30 min","1","0","254","300","2",NULL,"1","0.000","0","balaji-sweets",NULL,"0",NULL,NULL,NULL,"0",NULL,"commission",NULL,"[]",NULL,"12345","2025-10-31",NULL
"56","Kaleka Haveli Dugal","+918699614864","randhirsinghh9087@gmail.com","2025-08-07-68947b363c82c.png","29.983295634371167","76.03502794226178","Kaleka Haveli Dugal",NULL,"100.00","29.10","0","1","56","2025-07-27 18:05:29","2026-05-16 21:10:07","0","{""1"":3,""2"":0,""3"":0,""4"":1,""5"":0}","2025-10-11-68e9d1ad9ae04.png","1","1","1","0.00","2","1","1"," ",NULL,"0","0","0.00","35-40 min","1","0","41","62","2",NULL,"1","0.000","0","kaleka-haveli-dugal",NULL,"0",NULL,NULL,NULL,"0",NULL,"commission",NULL,"[]",NULL,"12345","2025-10-31",NULL
"57","RedGo Grocery Store","+91906932200","arscheema301@gmail.com","2025-07-31-688b5173593cf.png","30.131353257783104","76.18614710238366",NULL,NULL,"0.00",NULL,"0","1","57","2025-07-31 16:50:19","2026-01-05 17:30:24","0",NULL,"2025-07-31-688b51735bc85.png","1","0","1","0.00","3","1","1"," ",NULL,"0","0","0.00","15-30 min","1","1","1","1","1","0","1","0.000","0","redgo-grocery-store",NULL,"0",NULL,NULL,NULL,"0",NULL,"commission",NULL,NULL,NULL,NULL,NULL,NULL
"58","Sun Beams 19","+919915148111","gurpreetsingh50131@gmail.com","2025-08-01-688c8b40749e4.png","29.942334400000007","76.0516267","Jakhal Road",NULL,"100.00","25.00","0","1","58","2025-08-01 15:09:12","2026-05-19 16:10:03","0","{""1"":10,""2"":2,""3"":11,""4"":12,""5"":26}","2025-10-11-68e9c4fde8f60.png","1","1","1","0.00","2","1","1"," ",NULL,"0","0","0.00","35-40 min","1","0","443","481","2",NULL,"1","0.000","0","sun-beams-19",NULL,"0",NULL,NULL,NULL,"0",NULL,"commission",NULL,"[]",NULL,"12345","2025-10-31",NULL
"59","Sher E Punjab Dhaba","+919501413179","Mangaghagga@gmail.com","2025-08-11-6899bcbbf1fce.png","30.028106388441046","76.11254590921213","Ghagga Mandi",NULL,"100.00","13.00","0","1","59","2025-08-11 15:19:48","2026-05-01 14:32:29","0","{""1"":1,""2"":0,""3"":0,""4"":1,""5"":3}","2025-11-04-6909f0b97b45c.png","1","1","1","0.00","4","1","1"," ",NULL,"0","0","0.00","25-34 min","1","1","98","105","2",NULL,"1","0.000","0","sher-e-punjab",NULL,"0",NULL,NULL,NULL,"0",NULL,"commission",NULL,"[]",NULL,"12345","2027-12-10",NULL
"60","Jindal Plastic and Crockery House","+916239173548","Jindalravi71@gmail.com","2025-08-13-689c5ff57cf89.png","29.9443404111225","76.0590410293115","W3V6+W2Q, Patran - Narwana Rd, Puda Colony, Patran, Punjab 147105, India",NULL,"0.00",NULL,"0","0","60","2025-08-13 15:20:45","2026-01-05 17:30:24","0",NULL,"2025-08-13-689c5ff580415.png","1","1","1","18.00","2","1","1"," ",NULL,"0","0","0.00","20-30 minute","1","1","0","0","2","0","0","0.000","0","jindal-plastic-and-crockery-house",NULL,"0",NULL,NULL,NULL,"0",NULL,"commission",NULL,"[]",NULL,NULL,NULL,NULL
"61","RedGo Mart","+919877622910","redgomart@gmail.com","2025-08-25-68ac49049b104.png","29.939897434096018","76.06085605709569",NULL,NULL,"0.00",NULL,"0","1","61","2025-08-19 15:28:51","2026-01-05 17:30:24","0",NULL,"2025-08-25-68ac49049efc9.png","1","1","1","0.00","2","1","1"," ",NULL,"0","0","0.00","20-40 min","1","1","2","2","4","0","0","0.000","0","redgo-mart",NULL,"0",NULL,NULL,NULL,"0",NULL,"commission",NULL,NULL,NULL,NULL,NULL,NULL
"62","Shree Shyam Sweets & Bakery","+919653199221","Ajay777goyal@gmail.com","2025-08-24-68aaabde21336.png","30.019282111473125","76.10486383966138","Bus Stand Ghagga",NULL,"100.00","15.00","0","1","62","2025-08-24 11:36:22","2026-03-06 18:42:10","0","{""1"":0,""2"":0,""3"":2,""4"":2,""5"":7}","2025-11-04-6909f1f78cf6a.png","1","1","1","0.00","4","1","1"," ","{""status"":""0"",""code"":null}","0","0","0.00","15-30 min","1","0","98","139","2",NULL,"1","0.000","0","shree-shyam-sweets-bakery","0.000","1","Ajay Goyal","Ajay Goyal",NULL,"0",NULL,"commission",NULL,"[]",NULL,"12345","2027-10-12",NULL
"63","Vijay Dosa","+918610822033","vijaymegala868@gmail.com","2025-08-24-68ab3937e5813.png","29.95237289656863","76.05297475359954","Jakhal Road",NULL,"50.00","10.00","0","1","63","2025-08-24 21:35:51","2026-05-17 21:27:19","0","{""1"":2,""2"":0,""3"":1,""4"":0,""5"":6}","2025-10-11-68e9d39993c30.png","1","1","1","0.00","2","1","1"," ",NULL,"0","0","0.00","35-40 min","1","0","139","168","2",NULL,"1","0.000","0","vijay-dosa",NULL,"0",NULL,NULL,NULL,"0",NULL,"commission",NULL,NULL,NULL,"12345","2025-10-31",NULL
"64","ghar di rasoi","+919914346208","sandhuprabhleen96@gmail.com","2025-08-28-68afe0cc12ae6.png","29.94076230451972","76.14244557917118","W4RR+GJJ, Jaikhar, Punjab 147105, India",NULL,"0.00",NULL,"0","0","64","2025-08-28 10:23:32","2026-01-05 17:30:24","0",NULL,"2025-08-28-68afe0cc16c0b.png","1","1","1","1.00","2","1","1"," ",NULL,"0","0","0.00","15-25 minute","1","1","0","0","2","0","0","0.000","0","ghar-di-rasoi",NULL,"0",NULL,NULL,NULL,"0",NULL,"commission",NULL,"[]",NULL,NULL,NULL,NULL
"65","RedGo Store","9532156789","redgostore121@gmail.com","2025-08-28-68b000d00f4ca.png","29.93418515779035","76.06140532321052",NULL,NULL,"0.00",NULL,"0","1","65","2025-08-28 12:40:08","2026-01-05 17:30:24","0",NULL,"2025-08-28-68b000d0131d7.png","1","1","1","0.00","2","1","1"," ",NULL,"0","0","0.00","15-30 min","1","1","0","0","4","0","0","0.000","0","redgo-store",NULL,"0",NULL,NULL,NULL,"0",NULL,"commission",NULL,NULL,NULL,NULL,NULL,NULL
"66","Grocery","+917814135816","sighh805@gmail.com","2025-09-05-68bac590589b8.png","29.951091300516627","76.05084847658873","180, MANGAL BASTI, Patran, Punjab 147105, India",NULL,"0.00",NULL,"0","0","66","2025-09-05 16:42:16","2026-01-05 17:30:24","0",NULL,"2025-09-05-68bac5905ac6e.png","1","1","1","1.00","2","1","1"," ",NULL,"0","0","0.00","10-15 minute","1","1","0","0","2","0","0","0.000","0","grocery",NULL,"0",NULL,NULL,NULL,"0",NULL,"commission",NULL,"[]",NULL,NULL,NULL,NULL
"67","WarBrew","+919464396623","Warbrew6@gmail.com","2025-09-06-68bc13fe428ff.png","29.9490786917418","76.05229552835226","66, Jakhal Rd, near by Anaj Mandi, Zora Basti, Patran, Punjab 147105, India",NULL,"0.00",NULL,"0","0","67","2025-09-06 16:29:10","2026-01-05 17:30:24","0",NULL,"2025-09-06-68bc13fe46f6d.png","1","1","1","10.00","2","1","1"," ",NULL,"0","0","0.00","30-35 minute","1","1","0","0","2","0","0","0.000","0","warbrew",NULL,"0",NULL,NULL,NULL,"0",NULL,"commission",NULL,"[]",NULL,NULL,NULL,NULL
"70","Chole Puri Junction","+917355240737","deeptocode@gmail.com","2025-09-20-68ce588f996e2.png","29.950393238121816","76.0574498454139","Narwana Road, Patran, Punjab 147105, India",NULL,"50.00","0.00","0","1","70","2025-09-20 13:02:31","2026-05-18 12:31:19","0","{""1"":1,""2"":1,""3"":1,""4"":2,""5"":6}","2025-10-11-68e9d5b51baa5.png","1","0","1","0.00","2","1","1"," ","{""status"":""0"",""code"":null}","0","0","0.00","15-30 min","1","0","120","162","2",NULL,"1","0.000","0","chole-puri-junction","0.000","0",NULL,NULL,NULL,"1","FAST SERVICE ONLY 15 MINT IN ORDER DELIVERED","commission",NULL,"[]",NULL,"12345","2028-10-31",NULL
"72","Caffe Amour","9804300021","caffeamour01@gmail.com","2025-10-12-68ebc07e59aa1.png","29.96126551625019","76.055550165012",NULL,NULL,"0.00","15.00","0","1","72","2025-10-12 20:21:42","2026-05-18 21:14:57","0","{""1"":3,""2"":0,""3"":0,""4"":0,""5"":4}","2025-10-17-68f19d564870b.png","1","1","1","0.00","2","1","1"," ",NULL,"0","0","0.00","35-40 min","1","1","142","195","2","0","1","0.000","0","caffe-amour",NULL,"0",NULL,NULL,NULL,"0",NULL,"commission",NULL,NULL,NULL,"12345","2025-10-29","2025-10-12-68ebc07e5b81e.jpg"
"74","Burger 86","+918558886186","rajwinde88@gmail.com","2025-10-31-6904ba0442cd0.png","30.0651474","75.9927127","Shere Punjab Markit",NULL,"50.00","15.00","0","1","74","2025-10-31 19:00:44","2026-01-05 17:30:24","0",NULL,"2025-12-23-694a4e8d18a73.png","1","1","1","0.00","5","1","1"," ",NULL,"0","0","0.00","30-35 min","1","0","0","0","2",NULL,"0","0.000","0","burger-86",NULL,"0",NULL,NULL,NULL,"0",NULL,"commission",NULL,NULL,NULL,"12345","2027-12-31","2025-10-31-6904ba04448aa.png"
"83","Pizza Haven","+917707840295","juma15233@gmail.com","2025-12-13-693d5c743d886.png","30.063562071519783","75.99241518082508","Sher-e-Punjab Market",NULL,"70.00","15.00","0","1","83","2025-11-07 09:57:56","2026-01-18 15:04:21","0",NULL,"2025-12-23-694a5f6a48527.png","1","1","1","0.00","5","1","1"," ",NULL,"0","0","0.00","30-40 min","1","0","1","3","2",NULL,"0","0.000","0","pizza-haven",NULL,"0",NULL,NULL,NULL,"0",NULL,"commission",NULL,NULL,NULL,"22125044001238","2027-09-24","2025-12-13-693d5c743ee51.pdf"
"86","Swaad express","+916283176416","adsglobal1996@gmail.com","2025-11-07-690de411b4c52.png","29.954945297763636","76.05511955916882","Mahavir Dharamshala, Girls School Street, Patran, Punjab 147105, India",NULL,"0.00","15.00","0","1","86","2025-11-07 17:50:33","2026-05-18 21:15:00","0","{""1"":8,""2"":1,""3"":2,""4"":3,""5"":10}","2026-02-12-698d79026413f.png","1","1","1","0.00","2","1","1"," ","{""status"":""0"",""code"":null}","0","0","0.00","35-40 min","1","0","112","138","2","0","0","0.000","0","swaad-express","0.000","0","Jithe Har Bite Vich Swaad Hai","A cloud kitchen serving the true taste of India — North, South, and everything in between, cooked with love and Punjabi warmth.                                                                    Skip the stress, order the best! Swaad Express brings the authentic, comforting flavors of Pind Da Khana (Village Food) right to your doorstep. Specializing in hearty Chole Chawal, crispy Aaloo Parathas, and our refreshing Malai Maar Lassi. Simple, fresh, and consistently delicious—just like Mom made it. Taste that travels fast!","2025-11-08-690f7175ecfb9.png","0",NULL,"commission",NULL,"[]",NULL,"123456789","2027-12-31","2025-11-07-690de411b6955.pdf"
"90","Royal Green Restaurant","+918872354725","bhagwantsinghjawandha@gmail.com","2025-11-12-6914332a863c7.png","30.0636744","75.9931273","Shere Punjab Market (Dirba)",NULL,"70.00","15.00","0","1","90","2025-11-12 12:41:38","2026-01-05 17:30:24","0",NULL,"2025-11-12-6914332a87ccf.png","1","1","1","0.00","5","1","1"," ",NULL,"0","0","0.00","30-40 min","1","1","0","0","2",NULL,"0","0.000","0","royal-green-restaurant",NULL,"0",NULL,NULL,NULL,"0",NULL,"commission",NULL,NULL,NULL,"12345","2030-10-10","2025-11-12-6914332a88eb9.jpeg"
"92","Shahi Dahi Bhalla","+919855537620","hardeep.sharma777@gmail.com","2025-11-17-691afae4e3fd3.png","29.94692518223026","76.05441861222936","Jakhal Road, Patran",NULL,"0.00","25.00","0","0","92","2025-11-17 16:07:24","2026-02-24 22:03:47","0","{""1"":1,""2"":0,""3"":0,""4"":0,""5"":0}","2025-11-17-691afae4e5e9f.png","1","1","1","0.00","2","1","1"," ",NULL,"0","0","0.00","20-30 min","1","1","13","18","2","0","0","0.000","0","shahi-dahi-bhalla",NULL,"0",NULL,NULL,NULL,"0",NULL,"commission",NULL,NULL,NULL,"12345","2030-10-10","2025-11-17-691afae4e6c21.jpg"
"93","D Haveli (Spice Roots)","+919958831424","Dkstarbuilders@gmail.com","2025-11-18-691bfacc737d3.png","30.0376805","76.1213225","Dedhna, Samana Road",NULL,"150.00","15.00","0","1","93","2025-11-18 10:19:16","2026-03-05 14:57:10","0",NULL,"2025-12-31-6954dcd917394.png","1","1","1","0.00","4","1","1"," ",NULL,"0","0","0.00","30-40 min","1","1","30","34","2",NULL,"1","0.000","0","d-haveli-spice-roots",NULL,"0",NULL,NULL,NULL,"0",NULL,"commission",NULL,NULL,NULL,"12345","2030-10-19","2025-11-18-691bfacc766e7.jpg"
"94","Burger Pound","+916284654182","Ks9187808@gmail.com","2025-11-21-692029162f7bc.png","29.99901702927082","76.08760039808854","Opposite Paradise School, Patran Road, Ghagga",NULL,"0.00","15.00","0","1","94","2025-11-21 14:25:50","2026-03-03 14:02:24","0",NULL,"2025-12-31-6954debd56205.png","1","1","1","0.00","4","1","1"," ",NULL,"0","0","0.00","30-40 min","1","1","11","14","2","0","1","0.000","0","burger-pound",NULL,"0",NULL,NULL,NULL,"0",NULL,"commission",NULL,NULL,NULL,"12345","2030-12-10","2025-11-21-6920291632642.jpg"
"98","Lets bake it","+919517070627","Ishusingla1997@gmail.com","2025-12-05-6932cc16e5401.png","29.946021063657643","76.05430349707603","247, near BSNL Exchange, Lakh Wali Basti, Patran, Punjab 147105, India",NULL,"0.00","10.00","0","0","98","2025-12-05 17:42:06","2026-03-22 12:59:12","0",NULL,"2025-12-05-6932cc16e98f1.png","1","1","1","0.00","2","1","1"," ",NULL,"0","0","0.00","1-2 hours","1","1","0","0","2","0","0","0.000","0","lets-bake-it",NULL,"0",NULL,NULL,NULL,"0",NULL,"commission",NULL,"[]",NULL,"12345","2030-12-05","2025-12-05-6932cc16e9f97.jpg"
"101","American Thugs","+917973936462","deepadhillon681@gmail.com","2025-12-13-693d55bcd9d7f.png","30.07082547669967","75.98291569005619","Sangrur Road Dirba",NULL,"70.00",NULL,"0","0","101","2025-12-13 17:32:04","2026-03-22 12:59:04","0",NULL,"2025-12-23-694a663b86554.png","1","1","1","0.00","5","1","1"," ",NULL,"0","0","0.00","35-40 min","1","1","0","0","2",NULL,"0","0.000","0","american-thugs",NULL,"0",NULL,NULL,NULL,"0",NULL,"commission",NULL,NULL,NULL,"12345","2029-12-31","2025-12-13-693d55bcdc8f5.png"
"103","King Garden Restaurant","+918310756268","Lakhvirsingh1980j@gmail.com","2025-12-25-694d1dda277b7.png","30.071322331247465","75.98124863709484","Main Road Dirba",NULL,"69.00",NULL,"0","0","103","2025-12-24 11:30:03","2026-03-22 12:58:59","0",NULL,"2025-12-25-694d1dda28bfc.png","1","1","1","0.00","5","1","1"," ",NULL,"0","0","0.00","30-40 min","1","1","0","0","2",NULL,"0","0.000","0","king-garden-restaurant-dirba",NULL,"0",NULL,NULL,NULL,"0",NULL,"commission",NULL,NULL,NULL,"12345","2030-12-12","2025-12-24-694b8163c3de3.jpg"
"105","Town Fusion Fast Food","+919872897701","kuldeepmehra97701@gmail.com","2026-01-01-695657561b2d7.png","29.9521304","76.05387259999999","Patran",NULL,"0.00","15.00","0","0","105","2026-01-01 16:45:34","2026-01-30 13:00:27","0",NULL,"def.png","1","1","1","0.00","2","1","0"," ",NULL,"0","0","0.00","30-40 min","1","1","1","2","2","0","0","0.000","0","town-fusion-fast-food",NULL,"0",NULL,NULL,NULL,"0",NULL,"commission",NULL,NULL,NULL,"12345","2030-10-12","2026-01-01-695657561d7a1.jpg"
"106","Nepali Dhaba And Fast Food Corner","+917340872287","shahikabi74@gmail.com","2026-02-01-697efe1de0e3c.png","29.957085","76.05234","Tobha Market, Near Verka Milk Dairy  , Patran",NULL,"50.00","10.00","0","1","106","2026-02-01 12:47:49","2026-05-17 21:57:46","0","{""1"":4,""2"":0,""3"":2,""4"":0,""5"":2}","2026-02-01-697f35d32b8dc.png","1","1","1","0.00","2","1","1"," ",NULL,"0","0","0.00","35-40 min","1","0","138","166","2",NULL,"0","0.000","0","nepali-dhaba-and-fast-food-corner",NULL,"0",NULL,NULL,NULL,"0",NULL,"commission",NULL,NULL,NULL,"12345678","2030-11-12","2026-02-01-697efe1de376f.jpg"
